user_id,username,password_hash,role_id,full_name,email,created_at
1,user1,bc4df19027a54929b15ff6afb5814939,2,Tiffany Bennett,patricia96@yahoo.com,2025-03-09 00:06:42
2,user2,196156e1888e4e68a78d7b7349dcbd12,2,Charles Hernandez,foconnor@blake-harris.com,2024-06-25 04:50:00
3,user3,fefb2fb0e56a4e9081ae9721ba43047d,3,George Alvarado,kiarajohnson@yahoo.com,2024-03-05 16:58:04
4,user4,f4ec55363a29433b8e1e3d08ec371f1b,2,Tyler Thomas,linda47@hotmail.com,2023-10-06 09:04:11
5,user5,1faa3c9523d94d868afcf1f33f486eff,2,Tony Miller,nramirez@stewart.net,2021-01-23 07:07:29
6,user6,daa2c8465f82496ba8365dc413b11853,2,David Perry,xmaldonado@yahoo.com,2024-04-02 07:12:23
7,user7,a8c589365d7d4548ba10f27eacf0d76d,2,Brian Brown,barbara12@russo.com,2022-09-02 23:47:05
8,user8,17ceca20a01748c99ecf30f89bfde2c3,2,Jennifer Stephenson,ncoleman@gmail.com,2023-10-03 20:43:50
9,user9,e260d76483574d3cb139d494bbc4d5a5,3,Teresa Smith,lsmith@yahoo.com,2020-06-20 02:49:57
10,user10,12bbc7fbbb504e82bc66fb2a7732ff9d,2,Stacy Sharp,tmccann@hotmail.com,2024-04-05 14:19:56
11,user11,513656feea4f412591cf43cc13fb5cd2,2,Stephanie Lewis,fergusongeorge@fernandez.com,2021-06-05 21:02:34
12,user12,b18d5e99a2754a738c53d41b4f110ded,2,Yesenia Ross,joshuadean@wiggins-watts.com,2020-11-09 13:49:40
13,user13,7234b83b0c6b40eb8c89a2e9fcb7f69d,2,Holly Holland,cynthiabell@turner.com,2024-11-23 18:47:37
14,user14,c4af9a87de794c4bb6d7fe2b7d6e829e,2,Stacey Jones,debra93@gmail.com,2022-06-04 14:24:04
15,user15,fc7ced0fb5b94d59a2a0ba1a23c2f22e,2,Erica Owens,jvillegas@romero.biz,2021-06-23 13:38:48
16,user16,d0a1bf265e11400793b4e6dee7c8710b,2,David Barrera,jpatterson@hotmail.com,2024-04-29 19:56:28
17,user17,b9037d3b60004d6286186bd2bc3dd7dc,3,Roberto Jimenez,ronaldgolden@welch-lee.com,2020-02-12 23:53:33
18,user18,687fcb58ff144d7582046940a4d3596c,2,Christopher Frazier,wilsondavid@adkins-dunn.com,2020-12-03 08:51:40
19,user19,64572d688a3246619ad51e345fbf3590,3,George Rivera,william74@gmail.com,2020-06-08 02:51:05
20,user20,cd161c5b0c764205a7a81c8a80e905a6,3,Kevin Schmidt,thompsonlaurie@yahoo.com,2022-08-11 10:40:26
21,user21,f7c93dd78da6472f933f13b639021994,2,Elizabeth Suarez,caitlyn43@gmail.com,2020-11-04 00:29:17
22,user22,ac4fce46008d4d27bc6e8e28df7057e8,2,Linda Bruce,tbrown@kelley-cummings.com,2020-11-14 00:07:09
23,user23,821e46cffa1045d591bb0879d53d8cc8,3,Matthew Wilkerson,zfrye@cabrera-hale.com,2025-01-10 09:54:54
24,user24,4c80eb0a7bef48a883155e09df628267,3,Frank Knox,bbrown@gmail.com,2023-05-16 10:57:02
25,user25,ec8b2103505646089ed66baeae98174a,3,Ana Smith,chelsea66@taylor.com,2022-10-31 02:22:11
26,user26,7e824028e6c945938e345a4f0fe39772,2,Jennifer Patel,plambert@yahoo.com,2022-07-22 23:13:13
27,user27,f125a0ad717c434e9ae20446b2249800,2,Briana Mcguire,lallen@smith.info,2023-11-06 01:31:04
28,user28,747f407b05dd4e2a8f7a4b80e4056dc2,3,James Beard,anthonyhaas@miller.com,2020-10-29 04:10:31
29,user29,8eafedae79c54e1dab19686eeb22f07c,2,William Tucker,philipheath@gmail.com,2021-02-22 02:11:42
30,user30,4a98aaf902f94debbfb203d8cc4d0136,2,Samantha Allen,beardtimothy@hotmail.com,2022-01-14 11:52:53
31,user31,7f698db39a98469199428c8cd310755f,3,Martha Aguilar,michaelbautista@hotmail.com,2022-08-02 13:16:06
32,user32,5ed3f89e4e984ff690cda2fc61923d3b,2,Kenneth Collins,angela52@frank-allen.net,2021-11-23 20:37:42
33,user33,009dc773bb274377b487514ef6ef86aa,3,Austin Castaneda,walkernicole@ortiz.com,2024-10-05 07:03:43
34,user34,e4bc0734fe63470980c11db0b04d1340,3,Johnny English,mayoronald@braun-thomas.com,2021-01-09 06:09:07
35,user35,a684f57585084ec1a86ebc4c68defa13,3,Christopher Kane PhD,lrichardson@miller-davis.com,2020-02-09 20:43:28
36,user36,bf58b33d1e1f445f84e775af07e007e5,2,Pamela Spencer,pallen@hotmail.com,2024-03-04 01:28:20
37,user37,73bbf583754745469740f6bc3a623490,3,Heather Harrington,pamelajackson@willis.com,2022-10-15 11:06:36
38,user38,154661d0833044a0a4d4af0788a6c730,2,Christopher Thornton,robinsoncaitlin@greene.com,2023-10-12 14:22:25
39,user39,62aaabc8c6c8463ca2c8755e361dda95,3,Maria Hernandez,changhenry@hunter-hall.biz,2021-07-23 00:27:17
40,user40,501a9ad292aa4998a98463987e216af3,2,Kevin King,jimmy74@reed.com,2021-05-31 16:50:20
41,user41,6595296b286f4912b79a1553222adefb,3,Stephanie Sanders,qblackwell@hotmail.com,2022-06-14 19:12:31
42,user42,c5ec7f6f7d4c47ef951f27842674e21a,3,Johnny Miller,byrdconnor@gmail.com,2024-11-02 08:39:43
43,user43,3e23eace473a44acbd129da62849b17e,2,Mr. Richard Sanders DDS,anthonyshannon@downs-harris.org,2022-03-10 19:52:35
44,user44,04e90e6d1e9948bcbbc5e7aa9b0ea561,2,Robert Wong,dianaturner@gmail.com,2024-06-20 06:53:01
45,user45,561c2807b5994fff94880db621ed112a,2,Ana King,milleranthony@rosales-herrera.net,2022-08-16 12:12:34
46,user46,45cdc7f2f0dc4bceafcfea4a598befa1,2,Jon Young,anthonygarza@butler.org,2020-11-09 10:14:51
47,user47,adb9a70d73314966b5ac8786d7c91e96,3,Kimberly Welch,terrance51@frazier.com,2023-01-06 20:28:10
48,user48,7d8d76b1d3aa4eadbacddba1b474287e,2,Kimberly Perkins,lhardin@yahoo.com,2024-03-24 23:35:46
49,user49,e573d09a172f4511bf84dc531bd8e238,2,Renee Salazar,poolesara@boyle-baker.com,2022-08-05 15:13:56
50,user50,3dd26f1a939b49669b2b3bd1bb39d69c,2,Kimberly Kline,fischerelizabeth@gmail.com,2020-05-30 10:56:13
51,user51,2f3afc1725fa4223a0138d62b3fd2676,3,Keith Anderson,ryan36@hotmail.com,2024-05-25 13:03:52
52,user52,7ad8850293884f01827d2ddff037c3f8,3,James Sullivan,ggrant@hotmail.com,2024-03-10 12:25:44
53,user53,d0973f037c404e658d453a288501f19c,3,Richard Davis,cherylolson@carey.net,2025-02-02 18:47:48
54,user54,e1af3fe36a20409484ab68e35c9f75a0,3,Robert Chan,xcooper@gmail.com,2020-11-28 00:23:23
55,user55,db497f2ac63d4a1e99a79bbc0c31e156,2,Michael Scott,ldavidson@gmail.com,2021-03-25 20:57:59
56,user56,11b453b87c0c475e82ac7714ec1e4424,3,Karen Colon,matthewallen@hotmail.com,2024-12-05 09:55:25
57,user57,52d3c066888c49f48f66daef983547c1,3,Daniel Navarro,idavis@page.info,2022-11-25 06:50:14
58,user58,5e85a077c6f844908a467cd4fe8cd677,2,Michael Duncan,harringtondebra@hotmail.com,2021-10-22 15:28:46
59,user59,aa4a08433d12483a82c8f0a094b0040e,3,Matthew Gregory,annholmes@yahoo.com,2023-05-07 23:16:30
60,user60,692a93adf2ae4ba4b3bfb21604aeb192,2,Cynthia Pham,joannagarza@hendrix.com,2021-04-10 18:55:08
61,user61,e351b17efe1f4feb834f0ac96d5a1ae7,2,Edward Flores,lynchcharles@gmail.com,2024-09-10 00:32:30
62,user62,dc5239db35ac40afb5555eb0b716f423,2,David Houston,williamsbrandon@hotmail.com,2020-05-09 02:31:50
63,user63,72916a256ed74632b10322a874a8ad5c,2,Victoria Davis,timothyriley@gmail.com,2021-11-09 05:29:42
64,user64,9f29d20faf2d46b7b6349c8974409cda,3,Frances Silva,valenciasandra@yahoo.com,2023-10-13 21:25:24
65,user65,5c80a167e94a46c397539975a3f3b94e,3,Anthony Rios,lfitzgerald@gmail.com,2025-01-23 03:01:31
66,user66,f08c7be3a2874622ae1e48ac7dd07159,3,Donald Williams,erin49@king.net,2021-11-26 09:09:56
67,user67,bd083bf8678f47a4ac85b5464e076ca2,2,Mr. Adam Glover MD,glee@gmail.com,2022-12-28 07:51:38
68,user68,0c34f52254e1482ca346b9c8b97ca8ad,3,Lisa Townsend,xwilson@yahoo.com,2021-01-14 01:25:10
69,user69,9c97a0e5d6e94da3b534553daf79d58c,2,Vickie Fuentes,samuel14@hotmail.com,2022-06-10 19:10:52
70,user70,40023ae842e241aab9a1719b0af5096a,2,Krista Hunt,brandibishop@berger-gibson.com,2020-01-26 20:19:01
71,user71,23c97d12a059407fb7bc6c2944d94e75,2,Gary Rush,courtneybooker@yahoo.com,2022-08-15 08:09:26
72,user72,0f4ae3f29c754d02ae2e9ba0da335ada,3,Jennifer Madden,cynthiahall@olsen.info,2020-12-19 06:10:10
73,user73,ce022df7b5d84412ab0f4e769cd9734d,3,Rachel Weiss,brianaclark@moss.biz,2022-05-24 02:21:38
74,user74,e65d9176b95a45cba65cbddf2839f1d3,3,Brad Johnson,krogers@gmail.com,2024-08-22 22:56:18
75,user75,81c21d1d9a714f568bc8cfece314db20,2,Lori Patterson,stephenwilson@stewart.com,2024-02-21 19:12:41
76,user76,169c7853e74447b1af839294d9c29c29,2,Edward Stewart,yschmidt@montgomery.com,2020-10-08 09:25:12
77,user77,7d5b05ddb49242c18007c40fff573ad3,3,Ryan Rosales,perezbrittany@gmail.com,2022-02-26 03:18:09
78,user78,9ca6f59fc0fc4c1ea5660de1ea320874,2,Crystal Dixon,qcampbell@gmail.com,2024-03-06 06:55:37
79,user79,69b10854d710407fa387641379e8cb07,3,Brittany Lindsey,znguyen@yahoo.com,2021-12-06 17:43:49
80,user80,8ef5e9f5797f4282a4deff4b47b10534,3,Beverly Strong,murillotaylor@yahoo.com,2024-03-13 10:00:21
81,user81,630951ebc80e490b81a7c269a478084d,3,Tiffany Norris DVM,wwilliams@caldwell-forbes.com,2023-12-06 09:14:05
82,user82,cfc72da69d7148fd948021000261a7bf,2,Christopher Payne,kylegreen@watkins-jones.net,2024-11-01 20:54:53
83,user83,f0cbfc812fc742a5a61ecd8bc1a15580,3,Brian Morgan,floreszachary@wright.com,2023-08-12 17:26:00
84,user84,fe99f45f0a7543ecaf154ffbfa056ca1,2,Henry Francis,wreynolds@hotmail.com,2021-03-18 09:57:14
85,user85,3d94a3f58caf4a78aac37f658c6ed942,2,James Welch,dawnkelly@lee.com,2020-06-18 12:34:40
86,user86,11a24397466d46b2ac409a827adbcea5,3,Geoffrey Harris,xadams@munoz.com,2020-09-20 22:58:57
87,user87,b5d7f603c59c499cbe3ba37fcbd9aa46,3,Joseph Lopez,dianarich@hotmail.com,2020-07-27 17:26:23
88,user88,017a717072ee4c5fb20da9a63b4b902d,3,Aaron Phillips,erinbrown@yahoo.com,2023-10-31 21:48:24
89,user89,a96a916141ff42a4b0d141e6f740f7ad,3,Melissa Keller,brettmiller@smith-acevedo.info,2023-11-28 08:51:21
90,user90,39c418e14afb4799883f1e56e19fd3e2,2,Edward Ramos,johnathangreer@yahoo.com,2021-11-21 07:59:13
91,user91,714a637bfb6a48cfaf747ed34512a9a8,2,Julia Hill,vmarshall@morrison.com,2023-10-28 23:42:54
92,user92,a0f0924487ab4b169716d6b01d38ae41,3,John Lawrence,justin68@hotmail.com,2022-02-15 01:33:27
93,user93,fa5f567f912342eb8c583a4aee3af1cc,2,Lori Bowman,deborahkelley@williams.net,2023-02-12 19:49:15
94,user94,ca9c864e5d154bd0a94db2d13e470706,2,Cindy Matthews,dmcdaniel@schroeder-williams.com,2021-12-03 08:58:48
95,user95,492ef2f000794e8cb2aa3531b00f0e2d,2,Allison Garcia,michaelferrell@wilcox.net,2021-08-18 01:43:23
96,user96,8b6abf8488b240d2b5fa3bc2db063da5,2,Anne Shah,trevor67@le-bell.com,2021-10-08 02:26:22
97,user97,ab013bc67e5a4cf9b4aadfc1e78e0e3c,2,Melissa Gordon,shawn29@yahoo.com,2020-08-06 12:51:21
98,user98,0352e14491294ed4941040765619bd56,3,Katie Williams,parsonstodd@chapman.com,2024-03-14 03:10:39
99,user99,d4267d9e78104526b86a336cef2f3ea1,2,Ryan Kline,isabellahudson@gmail.com,2023-11-06 11:12:35
100,user100,ee2412c19ad144abbd6105153d98302a,3,Phillip Myers,jonathan61@yahoo.com,2022-01-30 10:41:34
101,user101,7f49a8c3065b42cd830856b4ea48bb26,3,Charles Hardin PhD,jgonzalez@hotmail.com,2024-01-29 23:15:36
102,user102,6fd5332722f6496e844385061740c269,3,Donna Wright,ephillips@martin.com,2022-02-01 14:35:17
103,user103,5508d3f311c3406585bca352ddfd319f,3,Deborah Brown,xmalone@hotmail.com,2024-09-23 02:16:49
104,user104,cde7ed97fced42588cee8f843527f80b,2,Elizabeth Butler,elizabethvargas@hotmail.com,2020-04-25 00:04:21
105,user105,96c57346a844456d9f81c742411c0d50,2,Gregory Banks,dylancastillo@yahoo.com,2020-03-11 09:43:16
106,user106,e1c76f3a3f9c472587c13ba5839c21ca,3,William Turner,petersenstephanie@hotmail.com,2024-10-20 07:51:08
107,user107,0e31672462ae440b8ffe1fcbabb289f9,3,Sandra Thomas,ocook@russell-matthews.com,2023-03-25 07:23:59
108,user108,60b51e298b8d446d8b38cce19d93f8c4,2,Megan Curtis,kenneth33@barron.biz,2020-01-27 07:06:22
109,user109,8b8f056bb08546fba612508687886a6b,3,Carlos Stewart,millskelly@yahoo.com,2024-07-09 09:18:52
110,user110,5ace9ba44039435cbcbf099a58d018a7,3,Tiffany Ward,christopher73@wang-buchanan.com,2023-10-09 06:40:58
111,user111,0520b39f969e4c61a0d8934208378467,2,Brian Serrano,dedwards@patrick.com,2023-11-01 06:23:06
112,user112,8cab09f31fe7458c8f6763dc2b72c03c,3,Shawn Johnson,brandtcaitlin@ryan.org,2025-03-25 10:27:04
113,user113,278df13ccd504ead9245d62786fb3095,2,Troy Gray,billy73@gmail.com,2024-05-04 06:16:50
114,user114,51b03149e12945f69b138ac12f334c32,3,Cheryl Wolf,catherinehoover@powers-ramirez.com,2020-04-29 00:11:30
115,user115,9e2176d810124e719948e25acb882723,2,Eric Houston,georgedavis@duncan.com,2023-07-14 19:10:47
116,user116,3f2f2219619f498f956cd29facfad1f1,2,Shannon Griffin,cynthiareynolds@hogan.biz,2024-09-05 11:12:39
117,user117,966ba7de6e894a14a92df31ee0ba2747,3,Brandon Mcgrath,alexis05@carr.com,2021-10-04 03:06:00
118,user118,d233dfbdad6f4abe94ceb8e325f3a95c,2,Allison Carson,cisnerossandra@yahoo.com,2023-12-16 15:57:50
119,user119,7f9f8269c1804b41916e665dcc884709,2,Leah Jordan,melissasalazar@gmail.com,2023-08-11 05:32:45
120,user120,8c33ec0d59b24254a42a42b008f916fa,3,Ian Lawson,xstanley@vance-lawrence.com,2022-10-17 20:36:27
121,user121,e60c3690fba846d0b7386fbb3257e932,2,Christopher Gillespie,troy32@yahoo.com,2024-08-09 15:05:31
122,user122,abca3521510b4423a0f20b78be020a6c,2,Kathryn Lowery,michaelsalazar@aguilar.com,2024-12-28 18:15:23
123,user123,4e69c1440dc84f19833026ca4fcde493,3,Ashley Barron,gonzalezjohn@yahoo.com,2024-08-13 03:01:47
124,user124,2370724a1ce24fc9bce78c3e3f2a60d4,3,Joseph Braun,daniel62@gmail.com,2023-09-30 15:07:28
125,user125,cdcbac631204438f80b24171e658bd39,2,James Burns,adkinskelly@gmail.com,2020-05-29 03:41:40
126,user126,f72815c453124b02b849b4abfe567fa2,2,Amanda Smith,pfoley@yahoo.com,2020-04-10 16:20:01
127,user127,6dfd94bebc36481795f16a4609cd26f9,3,Tyler Brown,maria60@black-bell.com,2024-12-13 14:22:30
128,user128,502ad86ccde649b8bc1efc4a4f061d9e,3,Mary Rojas,scottmarshall@odom.com,2023-09-08 13:18:07
129,user129,b5a33f6e6e1642019311858e078eb632,2,Christopher Weiss,jennifer10@lee.com,2024-02-19 20:25:13
130,user130,cbc6082282984da18862dade14edbb93,2,Chelsea Holt,ebentley@gmail.com,2024-05-02 23:46:57
131,user131,6c1167931718461f9118003d60d8a36c,2,Luis Martin,michaelpope@powell.com,2023-12-17 02:36:26
132,user132,6a4d3342c66d468392f5868146ef392e,2,Dana Freeman,kim44@harrison.com,2021-01-23 12:36:34
133,user133,1299e4b3d84b419fb69acc1e80cc9294,2,Emily Hartman,madisonbates@gmail.com,2021-06-11 22:22:32
134,user134,2fc118abd387452a9e4a65cc576ee663,3,Brett Davis,lpoole@gmail.com,2025-01-21 20:42:58
135,user135,6b9ec74043584eceb3dde9f41d6ce1f7,2,Jonathan Phillips,tammymahoney@gmail.com,2020-10-31 19:23:50
136,user136,5d2b90dd6e7b48cb86b0ee14898063b3,2,Clifford Suarez,whitakermadison@hernandez-phillips.info,2020-10-02 12:06:48
137,user137,e253371c197d4cc29c976a40d494affe,2,Carlos Holmes,christopher08@green.com,2024-12-06 22:06:45
138,user138,8cbe0b1ab3cd4d6eb8be0a6ea1e3d035,3,Jesse Jennings,dross@yahoo.com,2022-06-15 02:02:39
139,user139,8118c320a0894a1dab62e691252740d2,2,Karen Cervantes,progers@rivera-reyes.biz,2022-02-02 13:42:02
140,user140,c351b8eabf1f458a99d491d3fc176e49,3,Brent Wilson,cclark@walton.com,2023-09-15 19:19:21
141,user141,22973fd35d084b029482d825aea9b8b2,3,Terri Gallegos,vbrown@yahoo.com,2023-04-01 16:50:37
142,user142,799a46fe31fe46e7aa6637ecf9954227,2,Reginald Andrews,kclayton@miller-allen.biz,2021-12-03 11:21:00
143,user143,7e6d25f7f2644bfeab84fe9f1c4af2b5,2,Roger Young,mcleanclaudia@hotmail.com,2021-11-04 23:46:06
144,user144,97f940f8e3f640b2a3af032d7f4006d3,3,Michael Sanford,jgrimes@yahoo.com,2022-09-26 18:10:13
145,user145,d35d22a0082342f39b1a5185f06a2001,3,Jason Brown,ewilson@hotmail.com,2022-07-08 22:13:23
146,user146,94f6233ec2be4a1d94ff862cdca4c697,3,Seth Jenkins,hallsara@yahoo.com,2024-02-10 06:05:53
147,user147,987a04535a124f29b06ddd28049ff61f,3,Natasha Vang,sancheztiffany@yahoo.com,2021-11-06 03:15:38
148,user148,fee449645f1640ec8bb6287ef01f14b0,3,Jermaine Mathis,melissajones@yahoo.com,2023-08-10 07:12:32
149,user149,1ee47d85d84a4c24a7f320f9d9c33343,2,Jeffrey Ray,cohenjennifer@paul.com,2020-11-10 09:55:53
150,user150,b7ab098dc777431683196288cc0c607f,2,Richard Cooley,lwatkins@yahoo.com,2021-06-25 08:24:54
151,user151,160941c1cecf424d88464dc364be6904,2,Jeffrey Wilson,williamsonjeffrey@hotmail.com,2020-12-23 00:55:20
152,user152,4c1481c7c944489ea50a17ca8632429a,2,Cynthia Fuentes,nmorris@wilson.com,2020-12-25 06:55:36
153,user153,653cba1b9cf84bfa81a0f17cd208ea34,3,Christopher Brown,matthew32@griffin-green.com,2021-09-26 00:55:05
154,user154,c4d2d874ce1847298229a87459069361,2,Mr. Ralph Rivas,bryantscott@yahoo.com,2020-11-24 20:56:44
155,user155,dc088d2d04454b4285f0482b5ada39c8,2,John Adams,karmstrong@moore.com,2021-05-30 07:27:47
156,user156,bd4dcf5b36cb49cdb72ae60f0022fc89,2,David Martin,erica91@yahoo.com,2023-07-05 22:47:02
157,user157,5c65efd6b0c847c4bfd13bd54bb767ef,2,Jessica Williams DDS,wilsonlisa@yahoo.com,2022-10-18 15:07:45
158,user158,178f2e3a3f7f4a448cbdbea82faf37c7,2,Mr. Brian Randolph,robertsjohn@yahoo.com,2023-07-05 08:34:16
159,user159,13f6ab5ef91645a0a481b22b59c7360d,2,Maria Marshall,pearsonaaron@marshall.com,2024-03-05 16:35:01
160,user160,d938b2c5adaa4062b73cea912948b55c,2,Randy Le,bnewman@sherman.info,2024-02-21 08:45:20
161,user161,defb9b37ceb84f7cbb5f96811c341fff,2,Anthony Mcdaniel,meganfields@hotmail.com,2022-04-01 11:35:30
162,user162,e450a92c990d462490b1838ecf9dce34,2,Corey Day,colemanchristopher@heath.info,2021-04-25 01:26:53
163,user163,024a1b82e4934d1baf4516525cdea689,3,Jeremy Montgomery,omills@hotmail.com,2020-01-20 11:09:36
164,user164,fc0c399953804b3baa97727df29e50b6,2,Manuel Turner,perezsteven@gmail.com,2021-06-15 04:34:08
165,user165,9bcaed60c679408a965d75199c17bade,2,William Herrera,erikhuang@christian.net,2020-09-27 21:15:47
166,user166,fd086d96daa84f3da57ae811d14aea9a,3,Adrian Garrison,jeffreysheppard@hotmail.com,2023-11-04 03:01:55
167,user167,a170843a25294166b819805963d44e07,3,Joshua Walters,michael52@lopez-russell.com,2021-11-23 23:06:01
168,user168,83f2ba6f65814914a004925b94026861,2,Lori Sanchez,francisrobert@davis.com,2021-05-14 12:56:20
169,user169,ec35dfd5936e455892ffbbe3338b7de1,2,Carolyn Johnson,crystal68@gmail.com,2021-02-09 10:00:36
170,user170,ca39ad3337bb4502b456669cadb5ecf2,3,Kristin Nolan,jacksonrobertson@hotmail.com,2022-07-30 21:48:18
171,user171,5a07f2e96bcd41acb601a8fea6376eec,2,Martin Franklin,nkirby@yahoo.com,2022-05-02 16:44:38
172,user172,b82d056ebfcb4981833664fd0bdb29b4,3,Stephen Chase,smithnicholas@yahoo.com,2020-08-20 21:49:25
173,user173,febb94b5eceb430b86669e180b7078c3,3,Kathy Arellano,benjaminhartman@yahoo.com,2023-02-01 13:36:59
174,user174,05872d41c1a84886a1fef0563c738958,2,David Rodgers,bobbyhorn@meyers.com,2020-08-06 09:05:05
175,user175,0d39ca5c8d2d4c40809db53b04aae3e3,2,Deborah Lopez,ramirezdouglas@yu.net,2021-07-24 10:40:04
176,user176,eeee4bfd70554272bc0a88d05cec61bd,2,Troy Berg,mmurillo@stafford-craig.com,2020-06-30 11:13:00
177,user177,58168f1d41da4ebca3b4e7516ecb44ae,3,Wendy Hancock,emartin@gmail.com,2020-12-13 19:05:39
178,user178,c982799178ae41c1bb9486973ad7c8c0,3,Morgan Thompson,whitemelissa@pineda-rice.com,2023-10-11 20:31:42
179,user179,71de0e164d78452badf14f270a97e1a0,3,Rick York,pollardsherry@castro-diaz.com,2024-03-21 03:49:19
180,user180,0510ab42ac964e1c93c4bc34eb36d972,3,Jonathan Myers,nwashington@lopez.com,2021-08-14 16:43:38
181,user181,909e88db80364a54a26794c46b15098b,3,Shane Sanders,hillphillip@jones.net,2024-03-29 08:30:31
182,user182,9d094c1b22f74c08867d0bb0fc5035e0,2,Adam Wright,wolfepaula@miranda-mitchell.com,2024-11-15 08:06:10
183,user183,35c1a02cf01a4c01990bd42cf702b822,2,Deanna Miller,murphyscott@gutierrez.biz,2020-05-04 22:54:19
184,user184,5e24ee2293d845f1898b2dee822010eb,2,Jeffrey Kirk,nelsonholly@yahoo.com,2021-08-09 09:42:24
185,user185,323ad277098946c49dd2f250ab1fc4e4,3,Cathy Richard,jamessparks@kelly.com,2021-06-24 16:44:49
186,user186,a549b029dbdb4106a493b6e35c667881,3,Keith Johnson,lori47@hotmail.com,2023-10-09 09:07:44
187,user187,8083aa1115ca4773958ca0e6fc831ae5,2,Kenneth Hernandez,stephanie78@yahoo.com,2022-04-10 10:11:35
188,user188,8e29c1b95b744b2eb58c9be3729279d3,2,Veronica Sullivan,wattspatricia@gross-taylor.biz,2023-02-17 09:23:17
189,user189,6b6752c6d9c546d4aad12cbb4606fa1f,2,Leroy Taylor,smithchristopher@stewart.com,2022-12-03 15:44:38
190,user190,3980766549f846feb9d7b2bc51c0bb2f,2,Christopher Taylor,randall06@gmail.com,2023-06-02 14:56:52
191,user191,8c19b0526b974e639da14358634fe7da,3,Jennifer Love,rebeccatodd@baird.org,2021-02-14 03:36:37
192,user192,8a68df8624ef4d67a1fca2b62c6fa5d3,2,Cameron Norton,megan78@hotmail.com,2020-05-30 19:31:49
193,user193,165ec55a02a04ecbbd5ea359a3090d33,3,Ruth Frazier,smithmichael@yahoo.com,2024-06-11 14:53:25
194,user194,af46bc4fb2994bb28114e725bd5113d4,2,Shawn Kaufman,yclay@hotmail.com,2023-06-28 02:22:42
195,user195,863e3722172e4678b4181ac9a4bfedfa,3,Megan Merritt,smithchristopher@gmail.com,2023-07-24 09:51:41
196,user196,beba1d685eae46a390d101cf476bd599,3,Jeffrey Wiley,lawrencemclean@yahoo.com,2022-08-16 11:12:03
197,user197,7c7a8782e7f84a6a843cb8f0d5ed7d3b,2,Melinda Washington,fsloan@spencer.org,2020-08-18 18:40:33
198,user198,2a96ec9d569d4613aabeac4d536ddae6,2,Teresa Ryan,lyonsjackson@bautista.net,2020-04-11 15:26:19
199,user199,6bd4612d30b848f89726dae542c95a35,3,Scott Harper III,lori48@yahoo.com,2025-01-20 02:07:22
200,user200,4e7eb05562894268a5be845582b363b4,2,Kristen Dennis,brianward@maldonado.info,2020-11-08 20:34:45
